instance (id),count
0,496.0
1,64.0
2,277.0
3,333.0
4,119.0
5,152.0
6,228.0
7,446.0
8,201.0
9,34.0
10,297.0
11,9.0
12,180.0
13,12.0
14,29.0
15,425.0
16,12.0
17,45.0
18,323.0
19,63.0
20,12.0
21,264.0
22,30.0
23,251.0
24,29.0
25,234.0
26,12.0
27,179.0
28,238.0
29,308.0
30,106.0
31,128.0
32,468.0
33,219.0
34,134.0
35,174.0
36,12.0
37,315.0
38,213.0
39,210.0
40,157.0
41,234.0
42,330.0
43,280.0
44,245.0
45,92.0
46,12.0
47,329.0
48,200.0
49,293.0
50,222.0
51,213.0
52,249.0
53,12.0
54,193.0
55,262.0
56,253.0
57,200.0
58,204.0
59,17.0
60,228.0
61,252.0
62,480.0
63,352.0
64,474.0
65,553.0
66,242.0
67,116.0
68,338.0
69,192.0
70,273.0
71,49.0
72,300.0
73,454.0
74,230.0
75,490.0
76,32.0
77,203.0
78,226.0
79,239.0
80,242.0
81,393.0
82,62.0
83,12.0
84,153.0
85,250.0
86,258.0
87,171.0
88,262.0
89,333.0
90,269.0
91,287.0
92,42.0
93,106.0
94,248.0
95,247.0
96,12.0
97,160.0
98,272.0
99,262.0
100,201.0
101,240.0
102,12.0
103,55.0
104,410.0
105,161.0
106,432.0
107,481.0
108,53.0
109,184.0
110,44.0
111,61.0
112,63.0
113,279.0
114,12.0
115,79.0
116,321.0
117,12.0
118,225.0
119,157.0
120,345.0
121,20.0
122,376.0
123,237.0
124,12.0
125,59.0
126,12.0
127,61.0
128,196.0
129,507.0
130,12.0
131,366.0
132,12.0
133,174.0
134,140.0
135,12.0
136,248.0
137,266.0
138,20.0
139,66.0
140,298.0
141,185.0
142,276.0
143,314.0
144,342.0
145,188.0
146,365.0
147,396.0
148,489.0
149,245.0
150,143.0
151,254.0
152,153.0
153,330.0
154,415.0
155,283.0
156,493.0
157,32.0
158,218.0
159,172.0
160,162.0
161,168.0
162,399.0
163,97.0
164,98.0
165,130.0
166,218.0
167,292.0
168,230.0
169,390.0
170,112.0
171,152.0
172,107.0
173,244.0
174,167.0
175,94.0
176,511.0
177,282.0
178,58.0
179,61.0
180,12.0
181,268.0
182,383.0
183,12.0
184,243.0
185,12.0
186,375.0
187,12.0
188,61.0
189,288.0
190,263.0
191,26.0
192,330.0
193,233.0
194,356.0
195,19.0
196,247.0
197,10.0
198,74.0
199,17.0
200,228.0
201,40.0
202,431.0
203,311.0
204,113.0
205,79.0
206,330.0
207,218.0
208,29.0
209,75.0
210,447.0
211,54.0
212,50.0
213,10.0
214,197.0
215,296.0
216,471.0
217,25.0
218,279.0
219,164.0
220,431.0
221,110.0
222,487.0
223,202.0
224,512.0
225,253.0
226,529.0
227,12.0
228,336.0
229,332.0
230,283.0
231,245.0
232,206.0
233,61.0
234,168.0
235,72.0
236,19.0
237,277.0
238,87.0
239,3.0
240,188.0
241,298.0
242,104.0
243,12.0
244,24.0
245,12.0
246,76.0
247,211.0
248,266.0
249,47.0
250,190.0
251,12.0
252,12.0
253,147.0
254,202.0
255,155.0
256,38.0
257,12.0
258,132.0
259,33.0
260,263.0
261,96.0
262,154.0
263,302.0
264,331.0
265,178.0
266,76.0
267,249.0
268,72.0
269,72.0
270,165.0
271,289.0
272,231.0
273,260.0
274,171.0
275,365.0
276,292.0
277,137.0
278,153.0
279,90.0
280,241.0
281,73.0
282,284.0
283,123.0
284,320.0
285,12.0
286,401.0
287,331.0
288,63.0
289,54.0
290,56.0
291,20.0
292,337.0
293,160.0
294,42.0
295,81.0
296,517.0
297,550.0
298,12.0
299,276.0
300,263.0
301,498.0
302,271.0
303,197.0
304,118.0
305,269.0
306,546.0
307,134.0
308,322.0
309,496.0
310,38.0
311,12.0
312,254.0
313,120.0
314,370.0
315,19.0
316,175.0
317,118.0
318,492.0
319,12.0
320,195.0
321,141.0
322,296.0
323,85.0
324,66.0
325,242.0
326,5.0
327,194.0
328,258.0
329,90.0
330,210.0
331,402.0
332,12.0
333,83.0
334,394.0
335,90.0
336,192.0
337,30.0
338,276.0
339,223.0
340,190.0
341,146.0
342,132.0
343,65.0
344,329.0
345,179.0
346,306.0
347,288.0
348,226.0
349,150.0
350,39.0
351,372.0
352,473.0
353,12.0
354,375.0
355,260.0
356,208.0
357,397.0
358,12.0
359,176.0
360,292.0
361,147.0
362,35.0
363,171.0
364,419.0
365,469.0
366,296.0
367,398.0
368,469.0
369,254.0
370,227.0
371,331.0
372,424.0
373,283.0
374,12.0
375,61.0
376,12.0
377,12.0
378,20.0
379,56.0
380,259.0
381,129.0
382,109.0
383,350.0
384,263.0
385,12.0
386,286.0
387,60.0
388,40.0
389,188.0
390,340.0
391,12.0
392,204.0
393,93.0
394,78.0
395,401.0
396,89.0
397,34.0
398,51.0
399,333.0
400,308.0
401,58.0
402,97.0
403,497.0
404,46.0
405,185.0
406,487.0
407,264.0
408,49.0
409,214.0
410,390.0
411,159.0
412,12.0
413,11.0
414,133.0
415,128.0
416,237.0
417,278.0
418,12.0
419,208.0
420,242.0
421,329.0
422,190.0
423,273.0
424,281.0
425,274.0
426,414.0
427,380.0
428,154.0
429,507.0
430,337.0
431,69.0
432,54.0
433,236.0
434,157.0
435,257.0
436,49.0
437,47.0
438,230.0
439,389.0
440,301.0
441,12.0
442,222.0
443,425.0
444,162.0
445,294.0
446,125.0
447,181.0
448,41.0
449,304.0
450,500.0
451,245.0
452,65.0
453,429.0
454,139.0
455,12.0
456,21.0
457,239.0
458,4.0
459,108.0
460,250.0
461,355.0
462,16.0
463,257.0
464,46.0
465,117.0
466,305.0
467,12.0
468,337.0
469,181.0
470,62.0
471,115.0
472,294.0
473,55.0
474,225.0
475,63.0
476,333.0
477,142.0
478,78.0
479,270.0
480,176.0
481,13.0
482,108.0
483,15.0
484,89.0
485,122.0
486,174.0
487,57.0
488,152.0
489,188.0
490,260.0
491,102.0
492,167.0
493,39.0
494,429.0
495,233.0
496,63.0
497,12.0
498,295.0
499,50.0
500,288.0
501,76.0
502,81.0
503,93.0
504,136.0
505,258.0
506,170.0
507,228.0
508,12.0
509,230.0
510,236.0
511,423.0
512,261.0
513,129.0
514,147.0
515,408.0
516,7.0
517,388.0
518,150.0
519,105.0
520,181.0
521,310.0
522,132.0
523,12.0
524,329.0
525,210.0
526,136.0
527,92.0
528,71.0
529,287.0
530,205.0
531,324.0
532,156.0
533,72.0
534,443.0
535,126.0
536,168.0
537,227.0
538,212.0
539,369.0
540,116.0
541,254.0
542,130.0
543,423.0
544,120.0
545,190.0
546,289.0
547,122.0
548,323.0
549,103.0
550,12.0
551,87.0
552,138.0
553,218.0
554,5.0
555,250.0
556,258.0
557,260.0
558,229.0
559,235.0
560,149.0
561,45.0
562,204.0
563,431.0
564,199.0
565,254.0
566,303.0
567,301.0
568,223.0
569,12.0
570,318.0
571,79.0
572,270.0
573,12.0
574,417.0
575,12.0
576,314.0
577,22.0
578,302.0
579,498.0
580,203.0
581,89.0
582,337.0
583,134.0
584,337.0
585,140.0
586,19.0
587,199.0
588,109.0
589,326.0
590,362.0
591,311.0
592,80.0
593,49.0
594,43.0
595,12.0
596,330.0
597,368.0
598,30.0
599,123.0
600,308.0
601,334.0
602,12.0
603,47.0
604,84.0
605,125.0
606,179.0
607,392.0
608,39.0
609,12.0
610,37.0
611,133.0
612,12.0
613,236.0
614,196.0
615,197.0
616,121.0
617,294.0
618,193.0
619,346.0
620,289.0
621,398.0
622,93.0
623,328.0
624,223.0
625,289.0
626,27.0
627,336.0
628,106.0
629,104.0
630,187.0
631,332.0
632,190.0
633,182.0
634,75.0
635,28.0
636,287.0
637,84.0
638,249.0
639,434.0
640,115.0
641,221.0
642,47.0
643,559.0
644,99.0
645,52.0
646,142.0
647,231.0
648,226.0
649,250.0
650,168.0
651,201.0
652,224.0
653,261.0
654,12.0
655,72.0
656,294.0
657,78.0
658,269.0
659,12.0
660,400.0
661,305.0
662,253.0
663,103.0
664,345.0
665,80.0
666,49.0
667,47.0
668,184.0
669,201.0
670,112.0
671,49.0
672,12.0
673,260.0
674,192.0
675,148.0
676,444.0
677,70.0
678,269.0
679,55.0
680,18.0
681,167.0
682,433.0
683,169.0
684,215.0
685,313.0
686,375.0
687,125.0
688,109.0
689,47.0
690,345.0
691,203.0
692,175.0
693,97.0
694,142.0
695,470.0
696,279.0
697,99.0
698,216.0
699,213.0
700,51.0
701,299.0
702,331.0
703,227.0
704,49.0
705,12.0
706,12.0
707,525.0
708,40.0
709,228.0
710,12.0
711,394.0
712,21.0
713,231.0
714,261.0
715,251.0
716,177.0
717,364.0
718,195.0
719,70.0
720,38.0
721,245.0
722,241.0
723,227.0
724,226.0
725,291.0
726,403.0
727,195.0
728,12.0
729,279.0
730,11.0
731,12.0
732,575.0
733,252.0
734,295.0
735,32.0
736,370.0
737,366.0
738,177.0
739,211.0
740,280.0
741,279.0
742,104.0
743,39.0
744,218.0
745,275.0
746,119.0
747,158.0
748,76.0
749,12.0
750,347.0
751,20.0
752,236.0
753,201.0
754,12.0
755,114.0
756,108.0
757,197.0
758,218.0
759,236.0
760,305.0
761,226.0
762,191.0
763,90.0
764,215.0
765,197.0
766,5.0
767,209.0
768,59.0
769,132.0
770,368.0
771,360.0
772,264.0
773,12.0
774,12.0
775,299.0
776,104.0
777,12.0
778,150.0
779,117.0
780,255.0
781,125.0
782,411.0
783,126.0
784,270.0
785,317.0
786,208.0
787,85.0
788,389.0
789,172.0
790,383.0
791,178.0
792,275.0
793,163.0
794,433.0
795,99.0
796,99.0
797,12.0
798,111.0
799,24.0
800,31.0
801,124.0
802,215.0
803,54.0
804,63.0
805,47.0
806,407.0
807,251.0
808,24.0
809,311.0
810,344.0
811,89.0
812,198.0
813,12.0
814,364.0
815,371.0
816,229.0
817,485.0
818,218.0
819,369.0
820,375.0
821,339.0
822,487.0
823,67.0
824,69.0
825,285.0
826,322.0
827,5.0
828,325.0
829,64.0
830,81.0
831,130.0
832,329.0
833,107.0
834,238.0
835,353.0
836,229.0
837,383.0
838,71.0
839,140.0
840,231.0
841,250.0
842,197.0
843,221.0
844,221.0
845,277.0
846,307.0
847,288.0
848,260.0
849,385.0
850,506.0
851,261.0
852,477.0
853,352.0
854,130.0
855,519.0
856,88.0
857,327.0
858,12.0
859,106.0
860,328.0
861,110.0
862,86.0
863,169.0
864,14.0
865,361.0
866,7.0
867,232.0
868,136.0
869,257.0
870,206.0
871,100.0
872,12.0
873,258.0
874,355.0
875,12.0
876,12.0
877,147.0
878,314.0
879,216.0
880,474.0
881,81.0
882,275.0
883,279.0
884,302.0
885,436.0
886,293.0
887,291.0
888,250.0
889,234.0
890,194.0
891,56.0
892,27.0
893,180.0
894,229.0
895,355.0
896,41.0
897,12.0
898,392.0
899,262.0
900,31.0
901,345.0
902,16.0
903,175.0
904,384.0
905,287.0
906,214.0
907,306.0
908,381.0
909,313.0
910,237.0
911,231.0
912,517.0
913,137.0
914,268.0
915,91.0
916,191.0
917,229.0
918,296.0
919,201.0
920,12.0
921,93.0
922,268.0
923,316.0
924,289.0
925,185.0
926,201.0
927,136.0
928,263.0
929,240.0
930,162.0
931,88.0
932,409.0
933,126.0
934,48.0
935,267.0
936,200.0
937,343.0
938,39.0
939,159.0
940,175.0
941,351.0
942,101.0
943,159.0
944,55.0
945,358.0
946,116.0
947,407.0
948,27.0
949,51.0
950,12.0
951,268.0
952,224.0
953,72.0
954,2.0
955,339.0
956,410.0
957,22.0
958,542.0
959,102.0
960,79.0
961,285.0
962,90.0
963,498.0
964,39.0
965,59.0
966,244.0
967,393.0
968,12.0
969,253.0
970,183.0
971,118.0
972,230.0
973,315.0
974,12.0
975,214.0
976,12.0
977,498.0
978,53.0
979,454.0
980,169.0
981,238.0
982,33.0
983,142.0
984,413.0
985,252.0
986,311.0
987,450.0
988,392.0
989,110.0
990,257.0
991,213.0
992,117.0
993,419.0
994,12.0
995,12.0
996,12.0
997,71.0
998,295.0
999,116.0
1000,83.0
1001,12.0
1002,253.0
1003,217.0
1004,307.0
1005,350.0
1006,359.0
1007,122.0
1008,115.0
1009,86.0
1010,281.0
1011,481.0
1012,85.0
1013,12.0
1014,170.0
1015,209.0
1016,224.0
1017,183.0
1018,146.0
1019,129.0
1020,250.0
1021,242.0
1022,104.0
1023,364.0
1024,29.0
1025,296.0
1026,12.0
1027,186.0
1028,12.0
1029,279.0
1030,533.0
1031,259.0
1032,358.0
1033,137.0
1034,42.0
1035,380.0
1036,260.0
1037,12.0
1038,41.0
1039,178.0
1040,39.0
1041,62.0
1042,554.0
1043,391.0
1044,97.0
1045,67.0
1046,259.0
1047,114.0
1048,224.0
1049,85.0
1050,12.0
1051,210.0
1052,153.0
1053,248.0
1054,197.0
1055,214.0
1056,305.0
1057,55.0
1058,49.0
1059,328.0
1060,12.0
1061,137.0
1062,265.0
1063,339.0
1064,76.0
1065,55.0
1066,83.0
1067,284.0
1068,54.0
1069,472.0
1070,12.0
1071,73.0
1072,397.0
1073,85.0
1074,301.0
1075,175.0
1076,298.0
1077,409.0
1078,317.0
1079,6.0
1080,212.0
1081,137.0
1082,40.0
1083,230.0
1084,35.0
1085,249.0
1086,339.0
1087,155.0
1088,12.0
1089,197.0
1090,30.0
1091,68.0
1092,12.0
1093,312.0
1094,12.0
1095,34.0
1096,118.0
1097,88.0
1098,386.0
1099,89.0
1100,273.0
1101,538.0
1102,12.0
1103,74.0
1104,81.0
1105,207.0
1106,44.0
1107,160.0
1108,246.0
1109,505.0
1110,171.0
1111,273.0
1112,71.0
1113,72.0
1114,21.0
1115,477.0
1116,131.0
1117,300.0
1118,12.0
1119,12.0
1120,471.0
1121,227.0
1122,88.0
1123,231.0
1124,112.0
1125,86.0
1126,232.0
1127,46.0
1128,181.0
1129,85.0
1130,276.0
1131,171.0
1132,47.0
1133,56.0
1134,64.0
1135,12.0
1136,325.0
1137,241.0
1138,99.0
1139,12.0
1140,357.0
1141,43.0
1142,46.0
1143,24.0
1144,244.0
1145,93.0
1146,195.0
1147,227.0
1148,70.0
1149,228.0
1150,269.0
1151,110.0
1152,12.0
1153,83.0
1154,204.0
1155,131.0
1156,151.0
1157,112.0
1158,70.0
1159,14.0
1160,158.0
1161,233.0
1162,248.0
1163,159.0
1164,156.0
1165,501.0
1166,12.0
1167,242.0
1168,62.0
1169,185.0
1170,85.0
1171,12.0
1172,509.0
1173,12.0
1174,337.0
1175,316.0
1176,211.0
1177,251.0
1178,111.0
1179,52.0
1180,113.0
1181,186.0
1182,165.0
1183,48.0
1184,198.0
1185,193.0
1186,76.0
1187,68.0
1188,243.0
1189,12.0
1190,264.0
1191,215.0
1192,221.0
1193,63.0
1194,301.0
1195,3.0
1196,51.0
1197,139.0
1198,249.0
1199,327.0
1200,65.0
1201,76.0
1202,119.0
1203,12.0
1204,12.0
1205,57.0
1206,385.0
1207,294.0
1208,275.0
1209,236.0
1210,12.0
1211,46.0
1212,56.0
1213,286.0
1214,119.0
1215,439.0
1216,414.0
1217,71.0
1218,338.0
1219,274.0
1220,291.0
1221,175.0
1222,94.0
1223,95.0
1224,267.0
1225,355.0
1226,43.0
1227,286.0
1228,160.0
1229,12.0
1230,12.0
1231,273.0
1232,271.0
1233,267.0
1234,507.0
1235,194.0
1236,223.0
1237,295.0
1238,531.0
1239,320.0
1240,12.0
1241,108.0
1242,325.0
1243,184.0
1244,107.0
1245,142.0
1246,177.0
1247,156.0
1248,106.0
1249,12.0
1250,337.0
1251,220.0
1252,281.0
1253,128.0
1254,373.0
1255,148.0
1256,144.0
1257,293.0
1258,118.0
1259,256.0
1260,209.0
1261,499.0
1262,478.0
1263,216.0
1264,200.0
1265,91.0
1266,304.0
1267,254.0
1268,199.0
1269,62.0
1270,224.0
1271,288.0
1272,139.0
1273,230.0
1274,56.0
1275,381.0
1276,12.0
1277,80.0
1278,32.0
1279,310.0
1280,407.0
1281,111.0
1282,12.0
1283,234.0
1284,23.0
1285,217.0
1286,12.0
1287,277.0
1288,97.0
1289,185.0
1290,280.0
1291,128.0
1292,277.0
1293,161.0
1294,141.0
1295,187.0
1296,508.0
1297,55.0
1298,205.0
1299,169.0
1300,137.0
1301,221.0
1302,16.0
1303,12.0
1304,259.0
1305,266.0
1306,279.0
1307,57.0
1308,285.0
1309,149.0
1310,247.0
1311,180.0
1312,159.0
1313,136.0
1314,12.0
1315,513.0
1316,97.0
1317,249.0
1318,191.0
1319,318.0
1320,234.0
1321,227.0
1322,395.0
1323,186.0
1324,314.0
1325,100.0
1326,136.0
1327,59.0
1328,347.0
1329,94.0
1330,12.0
1331,220.0
1332,389.0
1333,408.0
1334,137.0
1335,179.0
1336,53.0
1337,487.0
1338,12.0
1339,358.0
1340,286.0
1341,282.0
1342,421.0
1343,113.0
1344,276.0
1345,347.0
1346,278.0
1347,238.0
1348,258.0
1349,280.0
1350,181.0
1351,285.0
1352,314.0
1353,420.0
1354,113.0
1355,400.0
1356,441.0
1357,254.0
1358,26.0
1359,505.0
1360,54.0
1361,277.0
1362,515.0
1363,274.0
1364,338.0
1365,247.0
1366,267.0
1367,78.0
1368,197.0
1369,12.0
1370,165.0
1371,281.0
1372,215.0
1373,237.0
1374,494.0
1375,77.0
1376,67.0
1377,263.0
1378,74.0
1379,112.0
1380,374.0
1381,151.0
1382,368.0
1383,258.0
1384,215.0
1385,296.0
1386,198.0
1387,12.0
1388,255.0
1389,52.0
1390,237.0
1391,227.0
1392,48.0
1393,405.0
1394,42.0
1395,168.0
1396,281.0
1397,222.0
1398,219.0
1399,256.0
1400,175.0
1401,303.0
1402,12.0
1403,53.0
1404,110.0
1405,12.0
1406,12.0
1407,12.0
1408,368.0
1409,12.0
1410,361.0
1411,317.0
1412,12.0
1413,231.0
1414,283.0
1415,113.0
1416,102.0
1417,124.0
1418,48.0
1419,65.0
1420,396.0
1421,45.0
1422,303.0
1423,289.0
1424,63.0
1425,12.0
1426,58.0
1427,97.0
1428,371.0
1429,300.0
1430,234.0
1431,351.0
1432,420.0
1433,12.0
1434,135.0
1435,12.0
1436,137.0
1437,293.0
1438,274.0
1439,25.0
1440,21.0
1441,12.0
1442,365.0
1443,97.0
1444,55.0
1445,301.0
1446,354.0
1447,358.0
1448,138.0
1449,385.0
1450,12.0
1451,307.0
1452,12.0
1453,136.0
1454,137.0
1455,249.0
1456,75.0
1457,286.0
1458,190.0
1459,1.0
1460,98.0
1461,165.0
1462,12.0
1463,88.0
1464,202.0
1465,306.0
1466,301.0
1467,408.0
1468,51.0
1469,313.0
1470,99.0
1471,137.0
1472,100.0
1473,59.0
1474,60.0
1475,151.0
1476,424.0
1477,429.0
1478,188.0
1479,298.0
1480,341.0
1481,75.0
1482,390.0
1483,219.0
1484,407.0
1485,150.0
1486,12.0
1487,116.0
1488,386.0
1489,238.0
1490,90.0
1491,46.0
1492,197.0
1493,12.0
1494,51.0
1495,173.0
1496,40.0
1497,287.0
1498,265.0
1499,182.0
1500,343.0
1501,12.0
1502,271.0
1503,252.0
1504,12.0
1505,12.0
1506,198.0
1507,69.0
1508,181.0
1509,12.0
1510,68.0
1511,12.0
1512,80.0
1513,1.0
1514,177.0
1515,390.0
1516,325.0
1517,426.0
1518,232.0
1519,534.0
1520,12.0
1521,425.0
1522,155.0
1523,232.0
1524,13.0
1525,134.0
1526,338.0
1527,12.0
1528,413.0
1529,12.0
1530,267.0
1531,29.0
1532,12.0
1533,190.0
1534,12.0
1535,208.0
1536,108.0
1537,65.0
1538,214.0
1539,292.0
1540,214.0
1541,60.0
1542,48.0
1543,88.0
1544,314.0
1545,157.0
1546,366.0
1547,225.0
1548,174.0
1549,18.0
1550,215.0
1551,180.0
1552,149.0
1553,242.0
1554,198.0
1555,269.0
1556,271.0
1557,273.0
1558,245.0
1559,190.0
1560,56.0
1561,12.0
1562,273.0
1563,314.0
1564,98.0
1565,201.0
1566,291.0
1567,277.0
1568,519.0
1569,206.0
1570,63.0
1571,322.0
1572,200.0
1573,12.0
1574,224.0
1575,227.0
1576,199.0
1577,210.0
1578,448.0
1579,211.0
1580,12.0
1581,480.0
1582,337.0
1583,302.0
1584,341.0
1585,235.0
1586,36.0
1587,264.0
1588,162.0
1589,184.0
1590,120.0
1591,509.0
1592,255.0
1593,200.0
1594,289.0
1595,261.0
1596,151.0
1597,210.0
1598,114.0
1599,461.0
1600,165.0
1601,233.0
1602,291.0
1603,87.0
1604,78.0
1605,314.0
1606,306.0
1607,12.0
1608,491.0
1609,318.0
1610,453.0
1611,276.0
1612,78.0
1613,306.0
1614,90.0
1615,48.0
1616,204.0
1617,19.0
1618,12.0
1619,47.0
1620,15.0
1621,234.0
1622,225.0
1623,401.0
1624,349.0
1625,12.0
1626,162.0
1627,100.0
1628,333.0
1629,308.0
1630,356.0
1631,216.0
1632,182.0
1633,178.0
1634,204.0
1635,191.0
1636,270.0
1637,349.0
1638,173.0
1639,80.0
1640,186.0
1641,463.0
1642,151.0
1643,220.0
1644,400.0
1645,290.0
1646,203.0
1647,12.0
1648,8.0
1649,240.0
1650,92.0
1651,272.0
1652,91.0
1653,547.0
1654,124.0
1655,17.0
1656,147.0
1657,74.0
1658,358.0
1659,12.0
1660,128.0
1661,244.0
1662,320.0
1663,12.0
1664,74.0
1665,3.0
1666,53.0
1667,12.0
1668,25.0
1669,404.0
1670,60.0
1671,208.0
1672,127.0
1673,82.0
1674,369.0
1675,12.0
1676,397.0
1677,485.0
1678,111.0
1679,446.0
1680,287.0
1681,12.0
1682,482.0
1683,110.0
1684,60.0
1685,133.0
1686,352.0
1687,68.0
1688,63.0
1689,23.0
1690,48.0
1691,271.0
1692,106.0
1693,118.0
1694,291.0
1695,64.0
1696,118.0
1697,26.0
1698,12.0
1699,309.0
1700,208.0
1701,258.0
1702,209.0
1703,278.0
1704,26.0
1705,296.0
1706,406.0
1707,12.0
1708,19.0
1709,294.0
1710,12.0
1711,190.0
1712,215.0
1713,151.0
1714,199.0
1715,12.0
1716,248.0
1717,282.0
1718,339.0
1719,61.0
1720,1.0
1721,12.0
1722,194.0
1723,244.0
1724,238.0
1725,200.0
1726,90.0
1727,328.0
1728,85.0
1729,254.0
1730,144.0
1731,443.0
1732,185.0
1733,84.0
1734,59.0
1735,333.0
1736,92.0
1737,12.0
1738,407.0
1739,232.0
1740,211.0
1741,21.0
1742,143.0
1743,156.0
1744,271.0
1745,127.0
1746,154.0
1747,222.0
1748,379.0
1749,230.0
1750,66.0
1751,9.0
1752,169.0
1753,7.0
1754,313.0
1755,293.0
1756,12.0
1757,280.0
1758,71.0
1759,141.0
1760,123.0
1761,12.0
1762,327.0
1763,250.0
1764,84.0
1765,480.0
1766,479.0
1767,12.0
1768,60.0
1769,328.0
1770,66.0
1771,57.0
1772,272.0
1773,58.0
1774,426.0
1775,12.0
1776,225.0
1777,189.0
1778,25.0
1779,12.0
1780,360.0
1781,280.0
1782,95.0
1783,358.0
1784,319.0
1785,77.0
1786,431.0
1787,119.0
1788,140.0
1789,272.0
1790,96.0
1791,257.0
1792,163.0
1793,234.0
1794,140.0
1795,312.0
1796,334.0
1797,229.0
1798,339.0
1799,292.0
1800,122.0
1801,138.0
1802,35.0
1803,73.0
1804,170.0
1805,139.0
1806,349.0
1807,337.0
1808,110.0
1809,337.0
1810,19.0
1811,346.0
1812,185.0
1813,4.0
1814,133.0
1815,19.0
1816,379.0
1817,218.0
1818,289.0
1819,177.0
1820,169.0
1821,335.0
1822,270.0
1823,16.0
1824,172.0
1825,72.0
1826,350.0
1827,327.0
1828,270.0
1829,374.0
1830,12.0
1831,12.0
1832,15.0
1833,219.0
1834,208.0
1835,30.0
1836,324.0
1837,151.0
1838,195.0
1839,222.0
1840,116.0
1841,409.0
1842,173.0
1843,315.0
1844,267.0
1845,40.0
1846,195.0
1847,12.0
1848,521.0
1849,12.0
1850,28.0
1851,348.0
1852,217.0
1853,286.0
1854,310.0
1855,454.0
1856,160.0
1857,496.0
1858,97.0
1859,125.0
1860,333.0
1861,10.0
1862,264.0
1863,187.0
1864,81.0
1865,65.0
1866,336.0
1867,66.0
1868,12.0
1869,281.0
1870,449.0
1871,230.0
1872,359.0
1873,138.0
1874,453.0
1875,124.0
1876,241.0
1877,242.0
1878,376.0
1879,339.0
1880,70.0
1881,354.0
1882,112.0
1883,106.0
1884,45.0
1885,31.0
1886,52.0
1887,305.0
1888,81.0
1889,337.0
1890,271.0
1891,12.0
1892,136.0
1893,80.0
1894,181.0
1895,12.0
1896,92.0
1897,77.0
1898,92.0
1899,378.0
1900,329.0
1901,98.0
1902,227.0
1903,303.0
1904,227.0
1905,402.0
1906,291.0
1907,393.0
1908,98.0
1909,43.0
1910,313.0
1911,236.0
1912,180.0
1913,127.0
1914,217.0
1915,12.0
1916,80.0
1917,207.0
1918,39.0
1919,279.0
1920,177.0
1921,12.0
1922,323.0
1923,330.0
1924,22.0
1925,105.0
1926,40.0
1927,452.0
1928,513.0
1929,245.0
1930,72.0
1931,386.0
1932,72.0
1933,53.0
1934,361.0
1935,300.0
1936,385.0
1937,385.0
1938,352.0
1939,66.0
1940,12.0
1941,246.0
1942,232.0
1943,71.0
1944,12.0
1945,12.0
1946,99.0
1947,271.0
1948,426.0
1949,131.0
1950,18.0
1951,12.0
1952,99.0
1953,150.0
1954,65.0
1955,247.0
1956,59.0
1957,35.0
1958,329.0
1959,12.0
1960,51.0
1961,278.0
1962,314.0
1963,522.0
1964,247.0
1965,253.0
1966,118.0
1967,369.0
1968,284.0
1969,12.0
1970,146.0
1971,12.0
1972,12.0
1973,196.0
1974,392.0
1975,254.0
1976,374.0
1977,361.0
1978,313.0
1979,385.0
1980,217.0
1981,35.0
1982,237.0
1983,12.0
1984,230.0
1985,245.0
1986,41.0
1987,103.0
1988,299.0
1989,125.0
1990,12.0
1991,83.0
1992,280.0
1993,494.0
1994,144.0
1995,44.0
1996,100.0
1997,233.0
1998,296.0
1999,81.0
2000,179.0
2001,135.0
2002,1.0
2003,41.0
2004,12.0
2005,163.0
2006,178.0
2007,143.0
2008,311.0
2009,173.0
2010,303.0
2011,45.0
2012,324.0
2013,236.0
2014,367.0
2015,138.0
2016,86.0
2017,107.0
2018,469.0
2019,1.0
2020,152.0
2021,245.0
2022,264.0
2023,342.0
2024,12.0
2025,319.0
2026,194.0
2027,12.0
2028,200.0
2029,430.0
2030,173.0
2031,323.0
2032,193.0
2033,280.0
2034,199.0
2035,211.0
2036,40.0
2037,204.0
2038,12.0
2039,175.0
2040,275.0
2041,33.0
2042,381.0
2043,292.0
2044,130.0
2045,66.0
2046,325.0
2047,12.0
2048,411.0
2049,477.0
2050,343.0
2051,66.0
2052,12.0
2053,130.0
2054,200.0
2055,12.0
2056,203.0
2057,18.0
2058,390.0
2059,73.0
2060,115.0
2061,29.0
2062,60.0
2063,43.0
2064,246.0
2065,268.0
2066,236.0
2067,84.0
2068,12.0
2069,59.0
2070,312.0
2071,13.0
2072,353.0
2073,30.0
2074,310.0
2075,207.0
2076,350.0
2077,172.0
2078,257.0
2079,203.0
2080,316.0
2081,340.0
2082,480.0
2083,131.0
2084,114.0
2085,512.0
2086,190.0
2087,60.0
2088,73.0
2089,16.0
2090,55.0
2091,18.0
2092,53.0
2093,410.0
2094,387.0
2095,326.0
2096,12.0
2097,420.0
2098,22.0
2099,437.0
2100,12.0
2101,317.0
2102,12.0
2103,191.0
2104,257.0
2105,248.0
2106,159.0
2107,154.0
2108,457.0
2109,233.0
2110,265.0
2111,79.0
2112,155.0
2113,12.0
2114,66.0
2115,540.0
2116,77.0
2117,59.0
2118,321.0
2119,72.0
2120,61.0
2121,144.0
2122,208.0
2123,52.0
2124,178.0
2125,180.0
2126,404.0
2127,122.0
2128,85.0
2129,47.0
2130,128.0
2131,110.0
2132,244.0
2133,51.0
2134,148.0
2135,259.0
2136,227.0
2137,124.0
2138,479.0
2139,252.0
2140,275.0
2141,103.0
2142,361.0
2143,408.0
2144,12.0
2145,104.0
2146,177.0
2147,220.0
2148,293.0
2149,147.0
2150,236.0
2151,10.0
2152,517.0
2153,299.0
2154,294.0
2155,235.0
2156,289.0
2157,177.0
2158,210.0
2159,126.0
2160,236.0
2161,250.0
2162,466.0
2163,12.0
2164,12.0
2165,263.0
2166,289.0
2167,312.0
2168,424.0
2169,218.0
2170,321.0
2171,273.0
2172,417.0
2173,22.0
2174,274.0
2175,36.0
2176,367.0
2177,318.0
2178,218.0
2179,423.0
2180,25.0
2181,271.0
2182,12.0
2183,460.0
2184,130.0
2185,294.0
2186,97.0
2187,96.0
2188,245.0
2189,530.0
2190,19.0
2191,12.0
2192,317.0
2193,143.0
2194,61.0
2195,215.0
2196,312.0
2197,155.0
2198,471.0
2199,480.0
2200,212.0
2201,123.0
2202,106.0
2203,30.0
2204,334.0
2205,148.0
2206,24.0
2207,225.0
2208,12.0
2209,212.0
2210,143.0
2211,83.0
2212,233.0
2213,399.0
2214,238.0
2215,11.0
2216,42.0
2217,61.0
2218,152.0
2219,269.0
2220,399.0
2221,12.0
2222,276.0
2223,258.0
2224,36.0
2225,249.0
2226,21.0
2227,292.0
2228,71.0
2229,246.0
2230,158.0
2231,12.0
2232,284.0
2233,12.0
2234,54.0
2235,60.0
2236,270.0
2237,425.0
2238,292.0
2239,273.0
2240,174.0
2241,501.0
2242,324.0
2243,291.0
2244,372.0
2245,79.0
2246,287.0
2247,315.0
2248,258.0
2249,415.0
2250,12.0
2251,502.0
2252,192.0
2253,268.0
2254,209.0
2255,62.0
2256,308.0
2257,500.0
2258,6.0
2259,262.0
2260,314.0
2261,235.0
2262,259.0
2263,146.0
2264,230.0
2265,344.0
2266,24.0
2267,475.0
2268,178.0
2269,266.0
2270,101.0
2271,128.0
2272,113.0
2273,103.0
2274,354.0
2275,206.0
2276,309.0
2277,321.0
2278,202.0
2279,135.0
2280,291.0
2281,12.0
2282,179.0
2283,238.0
2284,50.0
2285,164.0
2286,143.0
2287,167.0
2288,158.0
2289,288.0
2290,95.0
2291,282.0
2292,72.0
2293,26.0
2294,264.0
2295,36.0
2296,12.0
2297,67.0
2298,12.0
2299,362.0
2300,89.0
2301,335.0
2302,321.0
2303,403.0
2304,237.0
2305,396.0
2306,348.0
2307,203.0
2308,143.0
2309,69.0
2310,80.0
2311,45.0
2312,60.0
2313,241.0
2314,217.0
2315,12.0
2316,285.0
2317,239.0
2318,12.0
2319,150.0
2320,372.0
2321,86.0
2322,12.0
2323,280.0
2324,154.0
2325,12.0
2326,270.0
2327,30.0
2328,82.0
2329,16.0
2330,209.0
2331,365.0
2332,141.0
2333,38.0
2334,151.0
2335,43.0
2336,103.0
2337,1.0
2338,520.0
2339,438.0
2340,12.0
2341,345.0
2342,332.0
2343,357.0
2344,253.0
2345,12.0
2346,231.0
2347,280.0
2348,137.0
2349,206.0
2350,229.0
2351,244.0
2352,257.0
2353,219.0
2354,69.0
2355,12.0
2356,488.0
2357,62.0
2358,51.0
2359,142.0
2360,12.0
2361,333.0
2362,204.0
2363,484.0
2364,514.0
2365,347.0
2366,12.0
2367,190.0
2368,74.0
2369,141.0
2370,299.0
2371,253.0
2372,336.0
2373,234.0
2374,12.0
2375,255.0
2376,114.0
2377,285.0
2378,67.0
2379,281.0
2380,242.0
2381,12.0
2382,40.0
2383,316.0
2384,324.0
2385,256.0
2386,128.0
2387,324.0
2388,270.0
2389,322.0
2390,205.0
2391,341.0
2392,24.0
2393,3.0
2394,33.0
2395,298.0
2396,225.0
2397,84.0
2398,427.0
2399,273.0
2400,12.0
2401,12.0
2402,12.0
2403,165.0
2404,164.0
2405,94.0
2406,356.0
2407,62.0
2408,269.0
2409,209.0
2410,206.0
2411,401.0
2412,190.0
2413,269.0
2414,281.0
2415,12.0
2416,8.0
2417,452.0
2418,193.0
2419,183.0
2420,506.0
2421,210.0
2422,328.0
2423,196.0
2424,392.0
2425,261.0
2426,37.0
2427,148.0
2428,67.0
2429,12.0
2430,245.0
2431,525.0
2432,271.0
2433,172.0
2434,269.0
2435,325.0
2436,334.0
2437,161.0
2438,159.0
2439,152.0
2440,109.0
2441,478.0
2442,75.0
2443,194.0
2444,390.0
2445,358.0
2446,12.0
2447,203.0
2448,210.0
2449,213.0
2450,32.0
2451,76.0
2452,356.0
2453,296.0
2454,12.0
2455,287.0
2456,255.0
2457,114.0
2458,146.0
2459,489.0
2460,269.0
2461,387.0
2462,162.0
2463,541.0
2464,357.0
2465,43.0
2466,160.0
2467,282.0
2468,260.0
2469,317.0
2470,178.0
2471,160.0
2472,296.0
2473,93.0
2474,37.0
2475,86.0
2476,243.0
2477,201.0
2478,167.0
2479,81.0
2480,12.0
2481,110.0
2482,525.0
2483,12.0
2484,349.0
2485,338.0
2486,252.0
2487,136.0
2488,308.0
2489,59.0
2490,108.0
2491,380.0
2492,365.0
2493,21.0
2494,144.0
2495,416.0
2496,94.0
2497,233.0
2498,266.0
2499,287.0
2500,162.0
2501,12.0
2502,362.0
2503,319.0
2504,320.0
2505,315.0
2506,198.0
2507,44.0
2508,268.0
2509,122.0
2510,223.0
2511,12.0
2512,98.0
2513,177.0
2514,272.0
2515,255.0
2516,48.0
2517,113.0
2518,529.0
2519,133.0
2520,210.0
2521,216.0
2522,315.0
2523,44.0
2524,151.0
2525,140.0
2526,52.0
2527,132.0
2528,353.0
2529,11.0
2530,277.0
2531,70.0
2532,270.0
2533,305.0
2534,31.0
2535,462.0
2536,116.0
2537,351.0
2538,296.0
2539,190.0
2540,12.0
2541,153.0
2542,5.0
2543,28.0
2544,163.0
2545,236.0
2546,481.0
2547,257.0
2548,323.0
2549,29.0
2550,392.0
2551,205.0
2552,217.0
2553,212.0
2554,371.0
2555,207.0
2556,298.0
2557,31.0
2558,245.0
2559,269.0
2560,81.0
2561,256.0
2562,376.0
2563,482.0
2564,212.0
2565,12.0
2566,229.0
2567,139.0
2568,91.0
2569,96.0
2570,35.0
2571,368.0
2572,12.0
2573,165.0
2574,301.0
2575,365.0
2576,122.0
2577,311.0
2578,110.0
2579,33.0
2580,12.0
2581,373.0
2582,375.0
2583,320.0
2584,243.0
2585,106.0
2586,196.0
2587,251.0
2588,324.0
2589,281.0
2590,160.0
2591,67.0
2592,198.0
2593,198.0
2594,491.0
2595,267.0
2596,12.0
2597,252.0
2598,320.0
2599,295.0
2600,544.0
2601,360.0
2602,131.0
2603,80.0
2604,58.0
2605,201.0
2606,16.0
2607,21.0
2608,309.0
2609,58.0
2610,258.0
2611,298.0
2612,12.0
2613,411.0
2614,188.0
2615,200.0
2616,82.0
2617,506.0
2618,12.0
2619,220.0
2620,7.0
2621,311.0
2622,5.0
2623,137.0
2624,47.0
2625,50.0
2626,127.0
2627,223.0
2628,299.0
2629,310.0
2630,102.0
2631,68.0
2632,227.0
2633,159.0
2634,304.0
2635,145.0
2636,106.0
2637,308.0
2638,89.0
2639,413.0
2640,252.0
2641,171.0
2642,381.0
2643,286.0
2644,77.0
2645,419.0
2646,12.0
2647,23.0
2648,445.0
2649,283.0
2650,68.0
2651,12.0
2652,190.0
2653,60.0
2654,175.0
2655,213.0
2656,51.0
2657,36.0
2658,111.0
2659,81.0
2660,468.0
2661,82.0
2662,39.0
2663,47.0
2664,305.0
2665,12.0
2666,501.0
2667,406.0
2668,12.0
2669,178.0
2670,328.0
2671,84.0
2672,172.0
2673,312.0
2674,70.0
2675,398.0
2676,388.0
2677,95.0
2678,156.0
2679,18.0
2680,300.0
2681,324.0
2682,301.0
2683,563.0
2684,280.0
2685,405.0
2686,39.0
2687,124.0
2688,374.0
2689,44.0
2690,8.0
2691,450.0
2692,12.0
2693,96.0
2694,89.0
2695,398.0
2696,405.0
2697,186.0
2698,58.0
2699,177.0
2700,234.0
2701,42.0
2702,12.0
2703,177.0
2704,114.0
2705,404.0
2706,219.0
2707,332.0
2708,114.0
2709,54.0
2710,12.0
2711,488.0
2712,116.0
2713,84.0
2714,280.0
2715,331.0
2716,268.0
2717,104.0
2718,79.0
2719,358.0
2720,12.0
2721,12.0
2722,508.0
2723,280.0
2724,341.0
2725,108.0
2726,123.0
2727,270.0
2728,252.0
2729,206.0
2730,303.0
2731,103.0
2732,84.0
2733,28.0
2734,91.0
2735,138.0
2736,223.0
2737,325.0
2738,78.0
2739,44.0
2740,12.0
2741,1.0
2742,271.0
2743,174.0
2744,231.0
2745,87.0
2746,386.0
2747,228.0
2748,320.0
2749,154.0
2750,71.0
2751,8.0
2752,199.0
2753,173.0
2754,208.0
2755,519.0
2756,410.0
2757,111.0
2758,105.0
2759,189.0
2760,12.0
2761,276.0
2762,277.0
2763,134.0
2764,12.0
2765,205.0
2766,180.0
2767,82.0
2768,247.0
2769,330.0
2770,399.0
2771,12.0
2772,93.0
2773,113.0
2774,224.0
2775,12.0
2776,203.0
2777,372.0
2778,306.0
2779,516.0
2780,148.0
2781,270.0
2782,71.0
2783,258.0
2784,136.0
2785,294.0
2786,209.0
2787,497.0
2788,169.0
2789,337.0
2790,417.0
2791,71.0
2792,215.0
2793,62.0
2794,12.0
2795,401.0
2796,314.0
2797,267.0
2798,53.0
2799,273.0
2800,343.0
2801,71.0
2802,289.0
2803,298.0
2804,441.0
2805,271.0
2806,39.0
2807,340.0
2808,197.0
2809,12.0
2810,23.0
2811,96.0
2812,117.0
2813,12.0
2814,12.0
2815,385.0
2816,12.0
2817,78.0
2818,75.0
2819,355.0
2820,511.0
2821,322.0
2822,351.0
2823,12.0
2824,303.0
2825,155.0
2826,172.0
2827,12.0
2828,80.0
2829,129.0
2830,462.0
2831,350.0
2832,384.0
2833,5.0
2834,55.0
2835,400.0
2836,103.0
2837,105.0
2838,283.0
2839,12.0
2840,247.0
2841,207.0
2842,12.0
2843,241.0
2844,84.0
2845,12.0
2846,186.0
2847,146.0
2848,300.0
2849,151.0
2850,201.0
2851,187.0
2852,32.0
2853,12.0
2854,91.0
2855,313.0
2856,165.0
2857,133.0
2858,19.0
2859,12.0
2860,283.0
2861,1.0
2862,224.0
2863,12.0
2864,12.0
2865,257.0
2866,248.0
2867,44.0
2868,353.0
2869,302.0
2870,210.0
2871,226.0
2872,285.0
2873,246.0
2874,517.0
2875,76.0
2876,23.0
2877,177.0
2878,264.0
2879,198.0
2880,12.0
2881,185.0
2882,124.0
2883,41.0
2884,224.0
2885,268.0
2886,12.0
2887,227.0
2888,415.0
2889,45.0
2890,12.0
2891,314.0
2892,163.0
2893,231.0
2894,146.0
2895,291.0
2896,427.0
2897,201.0
2898,225.0
2899,275.0
2900,337.0
2901,254.0
2902,486.0
2903,124.0
2904,299.0
2905,32.0
2906,179.0
2907,48.0
2908,41.0
2909,45.0
2910,161.0
2911,293.0
2912,89.0
2913,12.0
2914,240.0
2915,138.0
2916,305.0
2917,94.0
2918,118.0
2919,49.0
2920,319.0
2921,69.0
2922,12.0
2923,176.0
2924,169.0
2925,31.0
2926,166.0
2927,299.0
2928,227.0
2929,206.0
2930,193.0
2931,133.0
2932,357.0
2933,82.0
2934,12.0
2935,158.0
2936,56.0
2937,504.0
2938,331.0
2939,163.0
2940,121.0
2941,86.0
2942,256.0
2943,185.0
2944,269.0
2945,165.0
2946,212.0
2947,108.0
2948,341.0
2949,279.0
2950,7.0
2951,133.0
2952,68.0
2953,111.0
2954,123.0
2955,12.0
2956,423.0
2957,12.0
2958,49.0
2959,245.0
2960,188.0
2961,200.0
2962,106.0
2963,12.0
2964,79.0
2965,333.0
2966,398.0
2967,353.0
2968,74.0
2969,30.0
2970,106.0
2971,13.0
2972,208.0
2973,39.0
2974,113.0
2975,508.0
2976,151.0
2977,459.0
2978,54.0
2979,201.0
2980,281.0
2981,291.0
2982,313.0
2983,514.0
2984,272.0
2985,290.0
2986,12.0
2987,333.0
2988,12.0
2989,276.0
2990,61.0
2991,14.0
2992,236.0
2993,12.0
2994,318.0
2995,384.0
2996,43.0
2997,313.0
2998,217.0
2999,90.0
3000,23.0
3001,266.0
3002,63.0
3003,209.0
3004,77.0
3005,175.0
3006,243.0
3007,12.0
3008,253.0
3009,286.0
3010,280.0
3011,74.0
3012,65.0
3013,12.0
3014,108.0
3015,12.0
3016,124.0
3017,119.0
3018,12.0
3019,214.0
3020,267.0
3021,2.0
3022,223.0
3023,168.0
3024,537.0
3025,255.0
3026,241.0
3027,114.0
3028,271.0
3029,77.0
3030,315.0
3031,112.0
3032,58.0
3033,71.0
3034,338.0
3035,412.0
3036,220.0
3037,129.0
3038,12.0
3039,183.0
3040,140.0
3041,320.0
3042,12.0
3043,71.0
3044,184.0
3045,125.0
3046,152.0
3047,237.0
3048,173.0
3049,64.0
3050,123.0
3051,286.0
3052,132.0
3053,150.0
3054,224.0
3055,238.0
3056,348.0
3057,278.0
3058,229.0
3059,192.0
3060,102.0
3061,287.0
3062,210.0
3063,27.0
3064,121.0
3065,17.0
3066,12.0
3067,25.0
3068,103.0
3069,325.0
3070,315.0
3071,75.0
3072,235.0
3073,103.0
3074,162.0
3075,210.0
3076,75.0
3077,50.0
3078,139.0
3079,203.0
3080,102.0
3081,253.0
3082,130.0
3083,319.0
3084,406.0
3085,323.0
3086,277.0
3087,244.0
3088,125.0
3089,22.0
3090,70.0
3091,368.0
3092,12.0
3093,179.0
3094,116.0
3095,95.0
3096,83.0
3097,359.0
3098,65.0
3099,47.0
3100,336.0
3101,60.0
3102,502.0
3103,533.0
3104,326.0
3105,211.0
3106,225.0
3107,12.0
3108,12.0
3109,70.0
3110,310.0
3111,173.0
3112,230.0
3113,123.0
3114,12.0
3115,386.0
3116,187.0
3117,281.0
3118,149.0
3119,404.0
3120,96.0
3121,138.0
3122,245.0
3123,306.0
3124,311.0
3125,290.0
3126,32.0
3127,157.0
3128,181.0
3129,505.0
3130,269.0
3131,212.0
3132,158.0
3133,336.0
3134,245.0
3135,17.0
3136,332.0
3137,391.0
3138,76.0
3139,73.0
3140,244.0
3141,430.0
3142,127.0
3143,142.0
3144,342.0
3145,125.0
3146,12.0
3147,12.0
3148,338.0
3149,211.0
3150,86.0
3151,298.0
3152,66.0
3153,310.0
3154,301.0
3155,12.0
3156,136.0
3157,113.0
3158,12.0
3159,241.0
3160,204.0
3161,206.0
3162,452.0
3163,39.0
3164,273.0
3165,52.0
3166,80.0
3167,425.0
3168,147.0
3169,78.0
3170,275.0
3171,375.0
3172,26.0
3173,150.0
3174,85.0
3175,94.0
3176,63.0
3177,217.0
3178,107.0
3179,284.0
3180,243.0
3181,43.0
3182,6.0
3183,228.0
3184,257.0
3185,133.0
3186,107.0
3187,54.0
3188,211.0
3189,320.0
3190,94.0
3191,273.0
3192,319.0
3193,69.0
3194,84.0
3195,233.0
3196,70.0
3197,172.0
3198,12.0
3199,150.0
3200,116.0
3201,12.0
3202,206.0
3203,88.0
3204,222.0
3205,12.0
3206,293.0
3207,53.0
3208,311.0
3209,48.0
3210,492.0
3211,156.0
3212,258.0
3213,12.0
3214,270.0
3215,281.0
3216,245.0
3217,318.0
3218,139.0
3219,27.0
3220,211.0
3221,66.0
3222,199.0
3223,321.0
3224,203.0
3225,9.0
3226,239.0
3227,16.0
3228,277.0
3229,272.0
3230,84.0
3231,192.0
3232,354.0
3233,483.0
3234,185.0
3235,284.0
3236,203.0
3237,60.0
3238,53.0
3239,12.0
3240,104.0
3241,177.0
3242,67.0
3243,12.0
3244,57.0
3245,85.0
3246,214.0
3247,99.0
3248,180.0
3249,12.0
3250,257.0
3251,80.0
3252,110.0
3253,149.0
3254,252.0
3255,12.0
3256,266.0
3257,425.0
3258,168.0
3259,242.0
3260,383.0
3261,164.0
3262,69.0
3263,12.0
3264,12.0
3265,415.0
3266,138.0
3267,316.0
3268,177.0
3269,78.0
3270,116.0
3271,148.0
3272,270.0
3273,490.0
3274,431.0
3275,104.0
3276,230.0
3277,70.0
3278,12.0
3279,288.0
3280,299.0
3281,93.0
3282,316.0
3283,148.0
3284,12.0
3285,258.0
3286,12.0
3287,134.0
3288,333.0
3289,135.0
3290,305.0
3291,262.0
3292,112.0
3293,425.0
3294,184.0
3295,277.0
3296,131.0
3297,92.0
3298,204.0
3299,290.0
3300,221.0
3301,41.0
3302,530.0
3303,12.0
3304,30.0
3305,90.0
3306,7.0
3307,336.0
3308,60.0
3309,266.0
3310,178.0
3311,127.0
3312,130.0
3313,144.0
3314,220.0
3315,306.0
3316,48.0
3317,294.0
3318,287.0
3319,244.0
3320,258.0
3321,274.0
3322,479.0
3323,75.0
3324,61.0
3325,42.0
3326,242.0
3327,168.0
3328,12.0
3329,305.0
3330,172.0
3331,248.0
3332,43.0
3333,171.0
3334,12.0
3335,97.0
3336,153.0
3337,422.0
3338,221.0
3339,12.0
3340,101.0
3341,276.0
3342,252.0
3343,139.0
3344,148.0
3345,156.0
3346,343.0
3347,96.0
3348,257.0
3349,80.0
3350,269.0
3351,175.0
3352,318.0
3353,26.0
3354,310.0
3355,30.0
3356,12.0
3357,160.0
3358,72.0
3359,12.0
3360,12.0
3361,253.0
3362,138.0
3363,477.0
3364,303.0
3365,207.0
3366,52.0
3367,339.0
3368,257.0
3369,69.0
3370,177.0
3371,80.0
3372,44.0
3373,394.0
3374,37.0
3375,12.0
3376,181.0
3377,117.0
3378,113.0
3379,74.0
3380,194.0
3381,280.0
3382,226.0
3383,12.0
3384,457.0
3385,362.0
3386,305.0
3387,265.0
3388,333.0
3389,159.0
3390,320.0
3391,137.0
3392,187.0
3393,213.0
3394,12.0
3395,169.0
3396,99.0
3397,287.0
3398,209.0
3399,109.0
3400,58.0
3401,277.0
3402,141.0
3403,264.0
3404,86.0
3405,304.0
3406,12.0
3407,112.0
3408,80.0
3409,372.0
3410,262.0
3411,324.0
3412,349.0
3413,387.0
3414,190.0
3415,31.0
3416,293.0
3417,157.0
3418,180.0
3419,184.0
3420,356.0
3421,286.0
3422,125.0
3423,505.0
3424,288.0
3425,117.0
3426,115.0
3427,170.0
3428,45.0
3429,317.0
3430,179.0
3431,79.0
3432,40.0
3433,12.0
3434,259.0
3435,12.0
3436,365.0
3437,272.0
3438,4.0
3439,134.0
3440,233.0
3441,461.0
3442,126.0
3443,12.0
3444,154.0
3445,150.0
3446,511.0
3447,71.0
3448,296.0
3449,282.0
3450,448.0
3451,301.0
3452,92.0
3453,12.0
3454,244.0
3455,123.0
3456,289.0
3457,18.0
3458,111.0
3459,174.0
3460,158.0
3461,297.0
3462,109.0
3463,280.0
3464,396.0
3465,178.0
3466,132.0
3467,113.0
3468,343.0
3469,106.0
3470,68.0
3471,219.0
3472,1.0
3473,86.0
3474,57.0
3475,216.0
3476,12.0
3477,261.0
3478,12.0
3479,207.0
3480,284.0
3481,12.0
3482,314.0
3483,130.0
3484,499.0
3485,12.0
3486,12.0
3487,134.0
3488,369.0
3489,172.0
3490,205.0
3491,108.0
3492,90.0
3493,318.0
3494,358.0
3495,12.0
3496,35.0
3497,364.0
3498,23.0
3499,227.0
3500,217.0
3501,164.0
3502,369.0
3503,97.0
3504,151.0
3505,38.0
3506,384.0
3507,127.0
3508,130.0
3509,200.0
3510,220.0
3511,326.0
3512,398.0
3513,74.0
